{
    "loss": 0.2070496827363968,
    "accuracy": 0.9396551847457886
}