{
    "loss": 0.22765085101127625,
    "accuracy": 0.9137930870056152
}